Iterasi,TotalTime(s),AvgTimePerBatch(s),AvgTimePerImage(s)
Iterasi-1,11.0351,0.086891,0.005449
Iterasi-2,10.9768,0.086432,0.005421
Iterasi-3,10.9762,0.086427,0.005420
Iterasi-4,10.9799,0.086456,0.005422
Iterasi-5,10.9792,0.086450,0.005422

Rata-rata,10.9895,0.086531,0.005427
