Iterasi,TotalTime(s),AvgTimePerBatch(s),AvgTimePerImage(s)
Iterasi-1,31.1180,0.245023,0.015367
Iterasi-2,31.2901,0.246379,0.015452
Iterasi-3,31.3275,0.246673,0.015470
Iterasi-4,31.2531,0.246087,0.015434
Iterasi-5,31.2499,0.246062,0.015432

Rata-rata,31.2477,0.246045,0.015431
