Iterasi,TotalTime(s),AvgTimePerBatch(s),AvgTimePerImage(s)
Iterasi-1,11.0514,0.087019,0.005458
Iterasi-2,10.9983,0.086601,0.005431
Iterasi-3,10.9990,0.086606,0.005432
Iterasi-4,10.9904,0.086539,0.005427
Iterasi-5,10.9924,0.086554,0.005428

Rata-rata,11.0063,0.086664,0.005435
